date,value
2024-04-01 11:09:40,2.249081
2024-04-01 16:02:11,2.249081
2024-04-02 03:44:22,2.1820378
2024-04-02 07:05:22,1.6608932
2024-04-03 00:00:16,2.2499006
2024-04-03 01:05:55,2.172624
2024-04-04 02:02:31,2.2565314
2024-04-04 03:08:33,2.256154
2024-04-05 02:00:40,2.256154
2024-04-06 03:08:05,2.1919249
2024-04-06 03:12:13,2.1276958
2024-04-07 02:01:37,2.162596
2024-04-07 03:21:41,2.2243826
2024-04-08 00:00:17,2.205398
2024-04-08 00:00:38,2.1515105
2024-04-09 00:05:23,2.188038
2024-04-09 02:00:39,2.29791435
2024-04-10 00:00:20,2.23333715
2024-04-10 01:00:45,2.16012785
2024-04-13 03:00:25,2.16012785
2024-04-16 04:18:50,2.16012785
2024-04-17 01:55:09,1.8602792
2024-05-29 02:25:13,1.56043055
2024-05-31 03:15:37,1.51867235
2024-06-01 02:23:38,1.5666901
2024-06-02 02:24:37,1.5673666000000002
2024-06-03 00:48:14,1.5923371
2024-06-04 00:47:39,1.6124296
2024-06-06 02:29:34,1.5376599
2024-06-07 07:09:30,1.5804707
2024-06-08 02:25:41,1.5445771
2024-06-09 00:44:02,1.5368035
2024-06-10 02:23:37,1.53321085
2024-06-12 23:33:07,1.3116245
2024-06-13 01:07:32,1.54165155
2024-06-13 05:00:01,1.56370485
2024-06-15 06:15:16,1.5857581500000002
2024-06-16 02:24:55,1.5562013
2024-06-17 02:22:41,1.5968478
2024-06-19 06:19:37,1.6062229
2024-06-19 06:23:44,1.4223303
2024-06-20 02:23:38,1.52912355
2024-06-20 07:39:25,1.65746895
2024-06-21 01:15:01,1.5163256
2024-06-21 03:53:32,1.4637592
2024-06-22 03:48:37,1.64296635
2024-06-23 03:00:07,1.6906378
2024-06-23 06:16:38,1.5610039
2024-06-24 02:23:45,1.5377535999999998
2024-06-24 06:26:43,1.5357506499999998
2024-06-25 01:04:19,1.5337477
2024-06-25 01:56:32,1.3343137500000002
2024-06-26 05:57:27,1.4907199
2024-06-26 06:00:06,1.4554116499999998
2024-06-27 00:00:07,1.584965
2024-06-27 05:56:49,1.4960339
2024-06-28 05:57:25,1.5649408
2024-06-28 06:00:32,1.4531844
2024-06-29 06:00:07,1.578152
2024-06-29 07:15:44,1.5319519
2024-06-30 00:43:03,1.43954105
2024-07-01 02:25:27,1.5599817
2024-07-03 04:00:01,1.5839404
2024-07-03 10:10:51,1.5270171
2024-07-04 00:00:44,1.5975491000000002
2024-07-04 00:43:10,1.53545325
2024-07-05 00:03:23,1.4763756
2024-07-05 02:23:37,1.5636973
2024-07-06 01:01:39,1.5590922
2024-07-06 02:23:39,1.5698788
2024-07-07 11:37:36,1.4324164499999998
2024-07-08 10:11:49,1.511519
2024-07-09 00:01:19,1.5802691
2024-07-09 01:00:20,1.4695938
2024-07-10 02:22:42,1.56143405
2024-07-11 06:12:48,1.48628
2024-07-12 00:43:14,1.4918638
2024-07-12 02:25:06,1.5354046
2024-07-13 00:04:20,1.4809788
2024-07-14 01:01:45,1.5698765
2024-07-14 02:24:49,1.508477
2024-07-15 02:22:47,1.5079029
2024-07-15 11:53:25,1.4718887
2024-07-17 05:58:46,1.393231
2024-07-17 10:12:32,1.599123
2024-07-18 00:31:22,1.5813184
2024-07-18 01:00:17,1.5388794
2024-07-19 00:00:07,1.5182055
2024-07-19 02:25:16,1.5927215
2024-07-20 02:01:55,1.4224093999999998
2024-07-21 08:09:09,1.50899085
2024-07-22 10:12:06,1.5763054
2024-07-23 00:30:57,1.5765176
2024-07-23 06:02:42,1.3998752
2024-07-24 01:00:07,1.3803002
2024-07-25 00:07:11,1.4445374
2024-07-26 01:00:19,1.56204855
2024-07-26 10:13:22,1.6795597
2024-07-27 00:30:40,1.5924852
2024-07-27 12:00:33,1.5314281
2024-07-28 02:24:26,1.5950372000000002
2024-07-29 01:00:07,1.4595728
2024-07-30 01:00:07,1.5655264999999998
2024-07-30 10:13:26,1.628618
2024-07-31 00:02:17,1.5719965
2024-07-31 00:18:53,1.52373195
2024-08-01 02:24:36,1.6282074
2024-08-01 11:40:31,1.656038
2024-08-02 12:16:22,1.4824295
2024-08-03 02:24:25,1.6102451
2024-08-03 11:38:01,1.3878427
2024-08-04 02:00:30,1.58911085
2024-08-04 07:04:16,1.5404714
2024-08-05 00:05:35,1.384501
2024-08-05 01:01:33,1.58164595
2024-08-05 11:19:22,1.6235149
2024-08-06 00:01:53,1.5917587
2024-08-06 00:58:28,1.5807481
2024-08-06 03:09:04,1.4565145
2024-08-07 00:06:13,1.5886514
2024-08-07 11:34:38,1.58466315
2024-08-07 12:00:12,1.5841722
2024-08-08 00:01:13,1.5836812500000002
2024-08-08 00:19:47,1.689262
2024-08-08 06:01:37,1.5999919
2024-08-09 11:34:40,1.5823597
2024-08-09 11:36:54,1.7917311
2024-08-10 10:13:02,1.6541294
2024-08-10 10:13:44,1.4882581
2024-08-10 12:00:24,1.5669488500000002
2024-08-11 00:00:51,1.5575869999999998
2024-08-11 00:01:54,1.5654056
2024-08-11 00:10:43,1.469791
2024-08-12 00:01:00,1.5939596
2024-08-12 00:13:13,1.600932
2024-08-12 02:24:12,1.5912572
2024-08-13 00:58:35,1.5834968
2024-08-13 02:12:46,1.5332967
2024-08-14 10:13:03,1.61812635
2024-08-14 11:34:57,1.6080251
2024-08-14 12:00:07,1.5455424
2024-08-15 00:01:18,1.57132905
2024-08-15 00:46:42,1.5245421
2024-08-15 02:00:07,1.4334192
2024-08-16 02:23:47,1.6039577
2024-08-16 12:16:10,1.5367506
2024-08-16 12:17:55,1.6799468
2024-08-17 00:56:11,1.58309755
2024-08-17 02:04:04,1.6713145
2024-08-17 10:13:00,1.610233
2024-08-18 00:01:24,1.5689961
2024-08-18 11:30:51,1.4224992
2024-08-18 11:34:26,1.56821165
2024-08-19 00:00:08,1.49923195
2024-08-19 00:01:36,1.53428175
2024-08-19 10:12:58,1.5983028
2024-08-20 00:52:54,1.511319
2024-08-20 01:01:03,1.56497325
2024-08-20 01:06:16,1.5681285
2024-08-21 00:55:31,1.5350754
2024-08-21 02:01:37,1.5099171
2024-08-21 02:24:52,1.5897216
2024-08-22 11:35:57,1.5165946
2024-08-22 12:00:07,1.4767889
2024-08-23 06:13:09,1.498029
2024-08-23 07:45:58,1.54797605
2024-08-23 10:01:15,1.5463216
2024-08-24 06:14:24,1.55042375
2024-08-24 11:00:08,1.5460584
2024-08-25 00:01:17,1.5560821
2024-08-25 00:20:36,1.5804976
2024-08-26 00:57:01,1.5693534
2024-08-26 01:05:17,1.5958474
2024-08-27 02:29:33,1.5822549
2024-08-27 11:38:19,1.5543559
2024-08-27 12:00:07,1.47503405
2024-08-28 10:13:15,1.5254043
2024-08-28 12:00:07,1.6216574
2024-08-29 00:01:01,1.5546525
2024-08-29 01:03:15,1.5871363
2024-08-29 10:12:34,1.6415796
2024-08-30 00:01:22,1.579474
2024-08-31 10:12:16,1.6432724
2024-08-31 10:12:17,1.5594759
2024-08-31 10:22:31,1.5651305
2024-09-01 00:01:51,1.5653875
2024-09-01 00:02:26,1.5586867
2024-09-01 03:00:01,1.6178312
2024-09-02 00:00:07,1.47602695
2024-09-02 00:01:33,1.5365498
2024-09-03 06:14:00,1.5589862
2024-09-03 06:15:32,1.3342627
2024-09-03 10:24:48,1.6283821
2024-09-04 00:02:15,1.564936
2024-09-04 00:44:19,1.59531635
2024-09-04 01:00:07,1.7188547
2024-09-05 00:00:08,1.6425817
2024-09-05 00:00:16,1.5589195
2024-09-06 00:02:47,1.5396576
2024-09-06 02:00:07,1.6536846
2024-09-06 02:29:27,1.62031715
2024-09-07 02:23:46,1.59784215
2024-09-07 11:32:03,1.5586123
2024-09-07 11:33:06,1.5639182
2024-09-08 02:23:34,1.5992665
2024-09-08 06:11:41,1.57409625
2024-09-08 06:13:10,1.4186656
2024-09-09 00:46:59,1.5917006
2024-09-09 01:00:07,1.5069519
2024-09-09 10:12:46,1.64366755
2024-09-10 00:00:29,1.5879197
2024-09-10 03:00:01,1.51401805
2024-09-10 03:45:59,1.6070263
2024-09-11 00:02:51,1.5431476
2024-09-11 00:10:41,1.4738446
2024-09-11 01:11:09,1.52702145
2024-09-12 02:26:57,1.5545514
2024-09-12 11:49:51,1.5348937
2024-09-12 12:00:17,1.5518341
2024-09-13 10:13:39,1.6336162
2024-09-14 03:46:50,1.6283321
2024-09-14 06:13:26,1.3274314
2024-09-14 06:13:54,1.5487039
2024-09-15 00:45:24,1.57994675
2024-09-15 00:54:33,1.4950364
2024-09-15 01:00:08,1.7130709
2024-09-16 00:00:08,1.6436666999999998
2024-09-16 00:01:23,1.572726
2024-09-16 02:23:39,1.59026775
2024-09-17 00:01:28,1.53191515
2024-09-17 01:02:58,1.4978899
2024-09-17 10:13:44,1.5981188
2024-09-18 03:44:52,1.5743926
2024-09-18 11:34:46,1.5772705
2024-09-18 12:00:07,1.36910355
2024-09-19 01:06:24,1.54106
2024-09-19 06:13:18,1.585362
2024-09-19 09:03:01,1.6542468
2024-09-20 02:24:12,1.58569
2024-09-20 06:12:44,1.5425255
2024-09-20 09:06:12,1.4752595
2024-09-21 06:01:14,1.57691335
2024-09-21 08:00:07,1.5846605
2024-09-21 10:13:34,1.6086694
2024-09-22 00:03:01,1.5985337
2024-09-22 00:05:24,1.5227525
2024-09-22 03:44:05,1.6507704
2024-09-23 00:02:06,1.5418787
2024-09-23 00:54:47,1.5078428
2024-09-23 01:00:07,1.4433336
2024-09-24 02:23:35,1.5675981
2024-09-24 06:02:26,1.59160885
2024-09-24 09:03:29,1.7732592
2024-09-25 02:23:50,1.6016288
2024-09-25 06:15:06,1.5887976
2024-09-25 10:00:07,1.7193222
2024-09-26 00:00:58,1.615747
2024-09-26 00:06:03,1.73240385
2024-09-27 10:13:18,1.63794265
2024-09-27 11:40:15,1.5932851
2024-09-27 11:40:22,1.5260571
2024-09-28 03:45:02,1.6278864
2024-09-28 22:24:29,1.7024001
2024-09-29 00:00:42,1.7365285
2024-09-29 00:45:02,1.5626423
2024-09-29 03:48:24,1.577627
2024-09-30 00:03:07,1.63342105
2024-09-30 00:07:13,1.5743716
2024-09-30 03:44:33,1.57156705
2024-10-01 02:00:04,1.5219018
2024-10-01 02:02:35,1.7417274
2024-10-01 03:47:01,1.6441915
2024-10-02 02:00:22,1.672051
2024-10-02 03:03:05,1.5251122
2024-10-02 03:45:20,1.5989639
2024-10-03 00:56:44,1.54508055
2024-10-03 04:21:54,1.6568749
2024-10-03 07:02:27,1.3284094
2024-10-05 02:25:24,1.56729305
2024-10-05 06:01:17,1.70043915
2024-10-05 06:02:42,1.63990725
2024-10-06 06:00:01,1.5666437
2024-10-06 06:01:39,1.6617966
2024-10-06 10:15:45,1.6406189
2024-10-07 03:43:46,1.6780598
2024-10-07 06:03:25,1.442359
2024-10-07 06:04:59,1.7037692
2024-10-08 03:46:49,1.7272868
2024-10-08 03:48:54,1.60709255
2024-10-08 07:16:13,1.692201
2024-10-08 08:00:07,1.7459503
2024-10-09 02:02:03,1.6607971
2024-10-09 03:55:22,1.60553135
2024-10-09 04:03:48,1.6995196
2024-10-10 00:43:52,1.66678
2024-10-10 00:56:29,1.5143331999999998
2024-10-10 01:00:32,1.6987462
2024-10-11 01:03:51,1.4964886
2024-10-11 12:17:00,1.72419495
2024-10-11 14:00:07,1.58419725
2024-10-12 01:06:02,1.64966075
2024-10-12 02:07:51,1.5943531
2024-10-12 10:13:30,1.6471397
2024-10-13 03:46:41,1.6298938
2024-10-13 07:35:02,1.6369302
2024-10-13 10:00:07,1.3052243
2024-10-14 00:01:40,1.6382136
2024-10-14 00:55:23,1.60321005
2024-10-14 02:00:07,1.58960465
2024-10-15 02:01:48,1.6508066
2024-10-15 03:46:31,1.5707914
2024-10-16 01:01:13,1.5636692
2024-10-16 04:21:42,1.4743453999999998
2024-10-16 04:22:18,1.6526117
2024-10-17 09:03:06,1.3723423
2024-10-17 09:08:33,1.70402175
2024-10-17 10:15:01,1.62769105
2024-10-18 00:55:32,1.5864786
2024-10-18 07:33:30,1.6648332
2024-10-18 10:00:30,1.5819898
2024-10-19 00:02:46,1.654649
2024-10-19 00:57:28,1.5969323
2024-10-19 01:04:01,1.6415706
2024-10-20 02:00:01,1.62463
2024-10-20 02:00:10,1.4454255
2024-10-20 03:47:55,1.5687666
2024-10-21 03:45:06,1.6279121
2024-10-21 07:03:28,1.59244895
2024-10-21 11:38:48,1.4853702
2024-10-22 00:00:07,1.66414555
2024-10-22 00:00:15,1.6906482
2024-10-22 00:56:10,1.5812516
2024-10-23 03:46:35,1.6224593
2024-10-23 04:22:04,1.44311055
2024-10-23 04:22:52,1.6919615
2024-10-24 00:43:59,1.7100272
2024-10-24 01:00:08,1.7151932
2024-10-24 01:00:28,1.55330455
2024-10-25 00:00:07,1.6049951
2024-10-25 00:00:16,1.6676147
2024-10-25 00:56:59,1.5255958
2024-10-26 02:24:09,1.6169615
2024-10-26 06:11:33,1.6151999
2024-10-26 10:00:07,1.6406545
2024-10-27 02:24:24,1.5758191
2024-10-27 06:01:35,1.69791545
2024-10-27 06:02:55,1.48805135
2024-10-28 00:00:17,1.74789295
2024-10-28 01:00:07,1.7327764
2024-10-28 02:24:46,1.50915
2024-10-29 06:02:33,1.6758683
2024-10-29 07:03:46,1.4298038
2024-10-29 10:13:18,1.5812941
2024-10-30 00:00:18,1.6681445
2024-10-30 00:31:54,1.813509
2024-10-30 03:44:57,1.5899734
2024-10-31 00:55:55,1.5742412
2024-10-31 06:00:15,1.5286014
2024-10-31 06:02:19,1.6492047
2024-11-01 00:00:20,1.701958
2024-11-01 00:06:37,1.6119153000000002
2024-11-01 10:18:16,1.5695674
2024-11-02 00:01:41,1.73862855
2024-11-02 00:11:20,1.83542455
2024-11-02 00:56:10,1.5136868
2024-11-03 07:38:38,1.63427405
2024-11-03 08:03:23,1.36954725
2024-11-03 10:23:00,1.5848546
2024-11-04 03:44:52,1.5956812
2024-11-04 06:00:35,1.5319113999999998
2024-11-04 06:01:49,1.6888709
2024-11-05 03:44:23,1.6328087999999998
2024-11-05 06:10:56,1.66702615
2024-11-05 06:12:00,1.6845512
2024-11-06 03:45:47,1.6044556
2024-11-06 22:38:23,1.592693
2024-11-06 22:43:46,1.5809304
2024-11-07 00:00:06,1.63689035
2024-11-07 00:00:18,1.7290864
2024-11-07 00:56:51,1.5873811
2024-11-08 00:01:32,1.64855445
2024-11-08 01:00:07,1.5006867
2024-11-08 03:45:59,1.57827795
2024-11-08 09:37:49,1.6585023
2024-11-09 01:00:46,1.49404925
2024-11-09 11:35:15,1.609864
2024-11-09 12:00:07,1.51767885
2024-11-10 00:43:46,1.6597353
2024-11-10 01:00:07,1.71988475
2024-11-10 02:25:46,1.5744348
2024-11-11 02:24:39,1.5511658
2024-11-11 06:12:26,1.5540562
2024-11-11 06:14:14,1.7142174
2024-11-12 00:44:09,1.69811165
2024-11-12 02:23:48,1.5453286
2024-11-12 02:44:15,1.42342655
2024-11-13 00:00:17,1.75443855
2024-11-13 01:00:16,1.709667
2024-11-13 02:24:30,1.5522413
2024-11-14 00:03:11,1.61238295
2024-11-14 02:23:41,1.5746812499999998
2024-11-14 03:10:55,1.4636219
2024-11-15 02:25:07,1.55696175
2024-11-15 11:35:32,1.6592703
2024-11-15 11:42:15,1.6901795
2024-11-16 00:54:22,1.6716857
2024-11-16 02:00:08,1.68671595
2024-11-16 02:22:55,1.57426365
2024-11-18 06:12:55,1.704199
2024-11-18 06:13:49,1.657552
2024-11-19 05:58:00,1.6861331
2024-11-19 06:00:01,1.4041543
2024-11-19 10:21:37,1.6326011
2024-11-20 00:55:55,1.7546066
2024-11-20 01:00:08,1.6008675
2024-11-20 03:52:09,1.5956012
2024-11-21 00:00:17,1.7017441
2024-11-21 01:00:09,1.44875015
2024-11-21 03:53:17,1.5634162
2024-11-22 00:01:36,1.51477125
2024-11-22 00:02:03,1.74872795
2024-11-22 01:26:06,1.5236661
2024-11-23 03:56:49,1.5368721
2024-11-23 11:39:05,1.6520259
2024-11-23 12:00:07,1.4114215
2024-11-24 01:25:54,1.5710938
2024-11-24 22:22:52,1.62188895
2024-11-24 22:27:55,1.6726841
2024-11-25 00:00:07,1.78473165
2024-11-25 00:00:35,1.8048103
2024-11-25 10:15:51,1.5918666
2024-11-26 00:06:51,1.7456
2024-11-26 00:11:15,1.7095027
2024-11-26 03:54:26,1.5893652500000002
2024-11-27 00:56:21,1.7412312
2024-11-27 01:26:00,1.5370134
2024-11-27 05:00:08,1.3433896
2024-11-28 02:22:23,1.5942557000000002
2024-11-28 11:36:17,1.7036639999999998
2024-11-28 11:44:52,1.5277525
2024-11-29 02:21:33,1.5827896
2024-11-29 05:58:02,1.76926085
2024-11-29 05:59:41,1.745117175
2024-11-30 10:16:18,1.7209735
2024-11-30 22:20:01,1.5749769
2024-11-30 22:20:33,1.7438018
2024-12-01 00:00:07,1.6786896
2024-12-01 00:05:04,1.78566805
2024-12-01 03:53:32,1.5775606
2024-12-02 03:41:24,1.7770095
2024-12-02 03:51:44,1.9365603
2024-12-03 00:01:22,1.7056633
2024-12-03 02:26:30,1.7964874000000002
2024-12-03 04:07:19,1.6501702
2024-12-05 02:20:35,1.7921591
2024-12-06 02:22:29,1.802276
2024-12-07 01:00:01,1.87651345
2024-12-07 01:00:51,1.74354765
2024-12-07 02:24:38,1.7886224
2024-12-08 02:22:27,1.8343409
2024-12-08 12:05:04,1.80661785
2024-12-09 10:11:53,1.8148377
2024-12-09 22:24:53,1.6828978
2024-12-10 00:02:11,1.7356385
2024-12-10 00:21:28,1.69755685
2024-12-10 04:01:22,1.7744126
2024-12-11 03:52:20,1.6962837
2024-12-11 10:12:13,1.8059856
2024-12-11 15:11:52,1.9617326
2024-12-12 01:00:42,1.7686476
2024-12-12 01:47:18,1.8078691
2024-12-12 17:07:14,1.6097876
2024-12-13 04:04:21,1.8159605
2024-12-13 08:07:14,1.6900654
2024-12-13 13:00:18,2.0138974
2024-12-14 00:09:05,1.7209859
2024-12-14 00:19:02,1.857842
2024-12-14 02:23:12,1.8212183
2024-12-15 07:05:04,1.72232035
2024-12-15 08:43:22,1.764598975
2024-12-15 10:14:13,1.8068776
2024-12-16 01:48:06,1.82686685
2024-12-16 12:00:59,1.7637665
2024-12-17 04:01:35,1.8128848
2024-12-17 22:22:56,1.6721656
2024-12-17 22:23:29,1.9531343
2024-12-18 00:00:33,1.8268843
2024-12-18 00:00:50,1.83745385
2024-12-18 02:23:19,1.8320983
2024-12-19 03:51:43,1.96382665
2024-12-19 07:40:38,1.5537853
2024-12-19 10:14:45,1.83079535
2024-12-20 00:14:02,1.6686473
2024-12-20 00:15:17,1.8297746
2024-12-20 01:48:32,1.8455703
2024-12-21 03:57:38,1.845192
2024-12-22 01:44:55,1.7956202
2024-12-23 01:45:53,1.82004195
2024-12-23 05:31:17,1.47636675
2024-12-23 06:53:44,1.73964
2024-12-24 01:46:30,1.8192357
2024-12-24 08:03:31,1.8530637
2024-12-24 08:05:28,1.5910927
2024-12-25 04:01:34,1.8595178
2024-12-26 02:22:39,1.8447177
2024-12-26 22:33:35,1.80900815
2024-12-27 00:03:45,1.7732986
2024-12-27 02:00:32,1.76971885
2024-12-27 02:20:15,1.832731
2024-12-28 02:20:30,1.8014687
2024-12-28 04:02:48,1.75626735
2024-12-28 05:04:57,1.4783606
2024-12-29 00:10:12,1.7860365
2024-12-29 02:19:56,1.8535307
2024-12-29 14:29:13,1.8341215
2024-12-29 17:10:25,1.8221311
2024-12-30 01:11:49,1.8101407
2024-12-30 02:56:13,1.7229072
2024-12-30 10:13:53,1.7952138
2024-12-31 00:00:15,1.80576195
2024-12-31 00:58:01,1.8807929
2024-12-31 01:00:07,1.6922069
2025-01-01 06:09:34,1.83027585
2025-01-01 07:13:49,1.64478055
2025-01-01 10:20:29,1.8578341
2025-01-02 00:53:00,1.9170887
2025-01-02 01:06:02,1.7298424
2025-01-02 01:15:18,1.7963594
2025-01-03 02:25:24,1.9009248
2025-01-03 07:35:27,1.79333625
2025-01-03 07:43:34,1.41543615
2025-01-04 01:12:22,1.7805698
2025-01-04 01:17:02,1.8312538
2025-01-04 02:23:48,1.8454953
2025-01-05 02:00:20,1.78946915
2025-01-05 02:27:37,1.8621573
2025-01-05 04:00:11,1.602862
2025-01-06 00:03:10,1.9271752
2025-01-06 10:15:32,1.863378
2025-01-07 03:46:07,1.8426175
2025-01-07 22:25:32,1.6945838
2025-01-08 00:00:06,1.8360846
2025-01-08 00:00:15,1.6675909
2025-01-08 03:44:51,1.82381945
2025-01-09 00:52:50,1.8803033
2025-01-10 02:25:12,1.8828566
2025-01-11 06:10:49,1.79681135
2025-01-11 10:13:55,1.87881935
2025-01-12 03:48:07,1.8689141
2025-01-12 07:37:27,1.8200064
2025-01-13 01:00:29,1.8411384
2025-01-13 01:06:32,1.75027215
2025-01-13 03:07:13,1.8147045
2025-01-14 00:03:15,1.8641086
2025-01-14 02:24:44,1.880098
2025-01-14 15:00:07,1.7248733
2025-01-16 02:25:20,1.8566508
2025-01-16 06:13:56,1.8303154
2025-01-16 10:00:07,1.9098227
2025-01-17 02:27:44,1.8668146
2025-01-17 09:35:51,1.7356048
2025-01-17 09:40:40,1.7653334
2025-01-18 00:01:19,1.7629972
2025-01-18 00:04:57,1.8222584
2025-01-18 10:12:19,1.8039423
2025-01-19 03:44:02,1.9320334
2025-01-19 06:13:39,1.819535
2025-01-19 06:14:03,1.9906039
2025-01-20 03:45:18,1.8618629
2025-01-20 07:36:15,1.8120939
2025-01-20 07:37:25,1.7612495
2025-01-21 00:57:20,1.96442985
2025-01-21 07:35:50,1.9842483
2025-01-21 07:42:33,1.7052977
2025-01-22 01:11:34,1.6369963
2025-01-22 02:00:09,1.80180635
2025-01-22 02:25:47,1.93138705
2025-01-23 00:02:43,1.8650517
2025-01-23 00:05:02,1.6974709
2025-01-23 10:15:51,1.80156305
2025-01-24 02:02:12,1.7885242
2025-01-24 03:03:26,1.83608595
2025-01-24 03:45:18,1.92710985
2025-01-25 00:53:09,1.9246597
2025-01-27 03:46:40,1.9107667
2025-01-27 06:10:09,1.6951852
2025-01-27 06:10:34,1.8914495
2025-01-28 03:45:28,1.89383565
2025-01-28 07:36:21,1.8965781
2025-01-28 07:40:02,1.7938568
2025-01-29 00:56:58,1.8853269
2025-01-29 07:36:07,1.87137635
2025-01-29 07:42:16,1.8656778
2025-01-30 00:57:08,1.9206567
2025-01-30 01:05:34,1.80432655
2025-01-30 01:13:02,1.8178015
2025-01-31 00:02:08,1.7559738500000002
2025-01-31 00:08:46,1.8711126
2025-01-31 03:13:50,1.8672671
2025-02-02 06:12:04,1.8191576
2025-02-03 07:38:08,1.7619486
2025-02-04 01:38:33,1.858023
2025-02-04 02:25:44,1.9118314
2025-02-04 04:19:12,1.85199
2025-02-05 00:01:35,1.892108
2025-02-05 00:03:56,1.8769722
2025-02-05 10:12:28,1.9481763
2025-02-06 03:45:12,1.9216656
2025-02-06 08:04:18,1.88467405
2025-02-06 10:00:07,1.88275345
2025-02-07 00:58:42,1.9445983
2025-02-07 07:56:31,1.76775125
2025-02-07 08:04:12,1.8758795
2025-02-08 03:14:28,1.95719445
2025-02-09 06:10:19,1.6645551
2025-02-09 10:13:47,1.8533344
2025-02-10 00:56:55,1.93855505
2025-02-10 08:00:02,1.8685381
2025-02-10 08:00:57,1.9638773
2025-02-11 07:36:18,1.9226153
2025-02-11 07:46:33,1.7730184
2025-02-11 11:14:20,1.8777041
2025-02-12 00:57:26,1.98685455
2025-02-12 01:19:45,1.95650475
2025-02-12 02:06:51,1.78368045
2025-02-13 00:00:02,1.864811
2025-02-13 00:00:11,1.9190326
2025-02-13 00:01:15,1.9143506
2025-02-14 00:00:02,1.7172391
2025-02-14 00:01:04,1.9084514
2025-02-14 00:56:00,1.8847189
2025-02-15 00:53:16,1.9903082
2025-02-15 07:56:45,1.6420709
2025-02-15 07:57:34,1.9058964
2025-02-16 00:56:28,2.0621152
2025-02-16 08:00:57,1.9553461
2025-02-17 01:05:50,1.9106003
2025-02-17 06:00:10,1.6712583
2025-02-17 10:15:47,1.7591593
2025-02-18 00:00:02,1.7303791
2025-02-18 00:00:43,1.876248
2025-02-18 03:45:09,1.99353695
2025-02-19 01:00:12,1.9306287
2025-02-19 03:49:02,1.82615395
2025-02-19 04:09:35,1.7891264
2025-02-20 09:56:14,1.9195883
2025-02-21 03:37:42,1.9159764
2025-02-21 08:01:55,1.9210892
2025-02-21 10:00:02,2.0080766
2025-02-22 00:55:14,1.9750185
2025-02-22 01:05:34,1.8642666
2025-02-22 01:06:02,1.81171145
2025-02-23 00:02:51,1.8534743
2025-02-23 00:06:38,1.9374244
2025-02-23 03:36:58,1.9279596
2025-02-24 00:59:11,1.9480181
2025-03-02 01:00:13,1.9776315
2025-03-02 02:00:37,1.97245455
2025-03-02 03:07:09,1.6437984
2025-03-03 03:13:56,1.9272254
2025-03-03 22:24:52,1.6697078
2025-03-03 22:25:43,1.6239037
2025-03-04 00:02:55,1.9198555
2025-03-04 01:00:02,1.9024543
2025-03-04 10:14:29,1.9666891
2025-03-05 01:07:12,1.9331605
2025-03-05 02:00:02,1.8291705
2025-03-05 03:44:26,1.9929397
2025-03-06 00:52:53,1.9186863
2025-03-06 07:31:43,1.7941078
2025-03-06 08:00:35,1.9257057
2025-03-07 00:00:02,1.8962538
2025-03-07 00:00:12,1.9553356
2025-03-07 02:24:58,1.9450568
2025-03-08 02:27:38,1.989197
2025-03-08 07:58:01,1.8014141
2025-03-08 08:02:13,1.95251465
2025-03-09 02:00:02,1.847806
2025-03-09 02:00:23,1.95941145
2025-03-09 10:11:12,1.8684679
2025-03-10 03:44:28,1.97459925
2025-03-10 07:41:33,1.9723597
2025-03-10 08:02:58,1.8937943
2025-03-11 01:02:49,1.9898493
2025-03-11 07:45:05,1.93073025
2025-03-11 08:00:52,1.96956105
2025-03-12 07:38:01,1.90875935
2025-03-12 09:28:56,1.8562466
2025-03-12 10:12:33,1.892601
2025-03-13 01:09:57,1.9826585
2025-03-13 01:09:58,1.72415295
2025-03-13 03:45:28,1.9434116
2025-03-14 01:07:35,1.9424024
2025-03-14 01:09:14,1.76644125
2025-03-14 03:43:09,1.8965952
2025-03-15 00:00:02,2.0228114
2025-03-15 00:00:33,2.018554
2025-03-15 00:54:59,2.020273
2025-03-16 02:26:07,1.9375098
2025-03-16 08:02:29,1.7276941
2025-03-16 08:03:59,1.806876
2025-03-17 07:32:28,1.7916716
2025-03-17 07:37:21,1.9302016
2025-03-17 10:15:32,1.85238305
2025-03-18 00:52:58,2.0404662
2025-03-18 01:08:33,1.6643064
2025-03-18 01:14:24,1.9483231
2025-03-19 00:00:02,1.8491576
2025-03-19 00:00:27,1.9092808
2025-03-19 03:17:43,1.9277139
2025-03-20 10:14:19,1.98910995
2025-03-21 00:53:08,1.961072
2025-03-22 02:22:46,1.9408492
2025-03-22 14:07:44,1.85961095
2025-03-22 14:09:47,1.9587326
2025-03-23 04:01:48,1.9975179
2025-03-23 07:41:02,1.9541175
2025-03-23 08:00:02,1.92058755
2025-03-24 01:06:04,2.0180237
2025-03-24 01:10:50,1.7675205
2025-03-24 10:13:45,1.9930339
2025-03-25 00:00:02,1.6777683
2025-03-25 00:00:19,2.135027
2025-03-25 03:46:19,2.02697765
2025-03-26 00:53:05,2.00739
2025-03-26 22:26:30,1.6256163
2025-03-26 22:28:37,1.7566817
2025-03-27 00:00:02,1.8601205
2025-03-27 00:00:24,1.9384103
2025-03-27 00:54:25,2.01290875
2025-03-28 00:00:02,1.8364549
2025-03-28 00:02:46,1.9411602
2025-03-28 02:23:40,1.94681965
2025-03-29 00:00:02,1.780002
2025-03-29 00:08:10,1.90537575
2025-03-29 10:12:22,2.0018074500000003
2025-03-30 06:11:04,1.8653399
2025-03-30 06:11:46,1.891609
2025-03-31 01:06:34,1.9342524
2025-03-31 01:08:32,1.6106183
2025-03-31 02:25:57,1.93542155
2025-04-01 07:34:21,1.93185925
2025-04-01 10:11:50,1.8868656
2025-04-02 03:49:08,1.9807127
2025-04-02 07:48:30,1.9566276
2025-04-03 03:51:25,1.763994
2025-04-04 00:56:26,1.9796823
2025-04-04 06:18:08,1.65419685
2025-04-04 06:18:28,1.9477979
2025-04-05 00:52:45,1.99137255
2025-04-05 01:06:35,2.0049611
2025-04-05 01:11:22,1.774173
2025-04-06 00:55:41,1.9712825
2025-04-06 07:36:23,1.97108665
2025-04-06 07:43:50,1.6880274
2025-04-07 02:25:13,1.9764414
2025-04-07 07:47:51,1.929847
2025-04-07 08:04:32,1.89393445
2025-04-08 06:13:09,1.91880055
2025-04-08 06:19:33,1.95548875
2025-04-08 10:13:42,1.7914162
2025-04-09 01:04:21,1.9769084
2025-04-09 01:07:15,1.9980302
2025-04-09 03:45:43,1.97826125
2025-04-10 00:53:03,2.00439355
2025-04-10 22:32:52,1.9370317
2025-04-11 00:00:42,1.9250456
2025-04-11 01:17:14,1.6947424
2025-04-12 00:00:28,1.92224745
2025-04-12 00:19:35,1.890799
2025-04-12 02:25:42,1.9970052
2025-04-13 02:26:09,2.0153596
2025-04-13 14:07:58,1.9234328
2025-04-13 15:08:51,1.7460268
2025-04-14 07:36:53,1.98913905
2025-04-14 07:49:03,1.80611005
2025-04-14 10:12:40,1.9653385
2025-04-15 01:33:04,1.9212526
2025-04-15 01:46:20,1.9151735
2025-04-15 03:46:46,2.0129944
2025-04-16 01:07:30,1.9964911
2025-04-16 01:14:03,1.8893279
2025-04-16 03:44:56,2.0179625
2025-04-17 03:45:40,2.0099911500000003
2025-04-17 07:34:28,2.008865
2025-04-17 07:43:03,1.72405305
2025-04-18 03:45:52,2.0524298
2025-04-18 07:49:08,1.95251655
2025-04-18 07:54:35,1.8579236
2025-04-19 03:47:35,2.0489795
2025-04-19 14:11:50,1.93797505
2025-04-19 14:13:00,1.980233
2025-04-20 00:53:12,2.02524695
2025-04-20 09:35:34,1.9591582
2025-04-20 09:55:23,2.022594
2025-04-21 06:08:24,1.98454595
2025-04-21 06:10:03,1.96468285
2025-04-21 09:01:21,1.943954
2025-04-22 01:05:21,1.9869604
2025-04-22 01:50:32,2.11313165
2025-04-22 02:24:27,1.99568665
2025-04-23 02:26:16,1.99384795
2025-04-23 07:35:03,1.9914296
2025-04-23 07:48:33,2.1076386
2025-04-24 08:09:11,2.1371301000000003
2025-04-24 10:11:22,1.9417922
2025-04-25 00:53:06,1.921092
2025-04-25 06:11:52,1.92668645
2025-04-25 06:18:28,2.063258
2025-04-26 01:05:49,1.9655247
2025-04-26 03:32:49,2.0337810000000003
2025-04-26 10:16:05,2.0276736
2025-04-27 03:44:46,2.0367637
2025-04-27 07:34:47,1.97246165
2025-04-27 07:43:14,2.129026
2025-04-28 00:52:55,2.04186
2025-04-28 01:06:24,2.00324765
2025-04-28 03:15:05,2.040919
2025-04-29 10:11:54,2.0193476
2025-04-30 00:54:59,2.047254
2025-04-30 13:56:40,2.1043057
2025-04-30 13:57:02,1.9675946
2025-05-01 03:46:34,1.9053824
2025-05-01 07:34:08,1.9936703
2025-05-01 08:04:18,2.115924
2025-05-02 03:45:11,2.012293
2025-05-02 07:50:17,1.98424145
2025-05-02 09:00:02,2.0703982
2025-05-03 00:53:19,2.0515551
2025-05-03 13:55:41,2.0589976
2025-05-03 13:55:42,1.8740297
2025-05-04 02:24:41,2.0916693
2025-05-04 07:35:47,2.1026804500000003
2025-05-05 02:24:38,2.06394065
2025-05-05 08:06:54,2.0391597
2025-05-05 22:30:29,1.76079215
2025-05-06 00:00:02,2.1001737
2025-05-06 00:07:41,1.9706885
2025-05-07 02:23:10,2.06434615
2025-05-08 02:24:37,2.07682675
2025-05-08 14:12:13,1.9773434
2025-05-08 14:18:44,2.0503109
2025-05-09 02:23:16,2.066053
2025-05-09 07:35:55,2.1532123
2025-05-09 07:37:18,1.9722332
2025-05-10 07:45:39,1.92146665
2025-05-10 07:51:58,2.0161119
2025-05-10 10:14:29,2.1136982
2025-05-11 00:00:23,2.0896673
2025-05-11 00:02:22,1.97883695
2025-05-11 04:35:30,2.0875906
2025-05-12 00:56:27,2.2004757
2025-05-12 01:16:26,2.075015
2025-05-13 02:23:34,2.0812562
2025-05-14 10:17:17,2.1532168
2025-05-14 14:11:14,2.0232029
2025-05-14 14:15:30,2.12665015
2025-05-15 03:47:10,2.11519775
2025-05-15 07:45:17,1.947954
2025-05-15 08:15:19,2.14673005
2025-05-16 03:47:38,2.1697485
2025-05-17 01:16:28,2.09009445
2025-05-18 10:13:38,2.177716
2025-05-18 22:26:07,1.98413305
2025-05-18 22:26:24,1.7905501
2025-05-19 00:00:02,2.1088977
2025-05-19 00:00:53,1.95593345
2025-05-19 03:52:23,2.04548715
2025-05-20 00:00:13,2.13167825
2025-05-20 00:00:30,1.934021
2025-05-20 00:52:44,2.0160964
2025-05-21 02:24:05,2.07417
2025-05-21 14:09:46,2.1340474
2025-05-21 14:10:41,1.9966133
2025-05-22 07:39:59,1.93336625
2025-05-22 07:47:23,2.1443822
2025-05-22 10:11:57,2.109168
2025-05-23 00:53:22,2.04591345
2025-05-23 07:47:16,1.9764367
2025-05-23 08:14:20,2.0925044
2025-05-24 01:17:15,2.097718
2025-05-24 07:04:32,1.98485915
2025-05-24 07:52:03,2.27023425
2025-05-25 02:25:05,2.0671325
2025-05-25 22:28:28,1.6794922
2025-05-25 22:31:43,1.8206802
2025-05-26 00:02:22,2.0472646
2025-05-26 00:04:41,1.9316049
2025-05-26 10:31:15,2.0467781
2025-05-27 00:00:02,2.18112545
2025-05-27 00:00:38,2.0082088
2025-05-27 00:53:24,2.0346365
2025-05-28 00:00:06,2.1242192
2025-05-28 00:02:45,1.9446332
2025-05-28 00:59:06,2.12231995
2025-05-30 23:43:43,1.994050025
2025-05-30 23:50:45,1.8657801
2025-05-31 00:44:17,1.9569117
2025-05-31 00:46:50,2.0362425
2025-05-31 04:09:36,2.0716715
2025-06-01 04:10:20,2.03024005
2025-06-01 06:04:27,1.9171131
2025-06-01 06:15:59,1.9338846
